Leads,Efectivos,SDC,PDM,Citas Programadas,Citas Efectivas,Ventas,Conversion,Aporte,Periodo,Canal
329,,,22.0,9.0,4.0,9.0,0.0274,0.75,"Febrero, 24",Piso
19,,,13.0,28.0,16.0,4.0,0.21050000000000002,0.5714,"Marzo, 24",Piso
76,,,35.0,15.0,6.0,10.0,0.1316,1.25,"Abril, 24",Piso
87,,,40.0,38.0,16.0,1.0,0.0115,0.07690000000000001,"Mayo, 24",Piso
55,,,28.0,78.0,60.0,3.0,0.0545,0.5,"Junio, 24",Piso
92,,51.0,35.0,75.0,57.0,10.0,0.10869999999999999,0.47619999999999996,"Julio, 24",Piso
77,,32.0,31.0,65.0,46.0,9.0,0.11689999999999999,0.5294,"Agosto, 24",Piso
57,,28.0,28.0,37.0,19.0,6.0,0.10529999999999999,0.3529,"Septiembre, 24",Piso
43,,38.0,14.0,31.0,25.0,3.0,0.0698,0.1304,"Octubre, 24",Piso
50,,32.0,25.0,18.0,14.0,11.0,0.22,0.5,"Noviembre, 24",Piso
64,,42.0,32.0,42.0,36.0,8.0,0.125,0.25,"Diciembre, 24",Piso
71,71.0,34.0,28.0,71.0,71.0,10.0,0.1408,0.3846,"Enero, 25",Piso
64,64.0,23.0,33.0,64.0,64.0,11.0,0.17190000000000003,0.55,"Febrero, 25",Piso
80,80.0,28.0,32.0,80.0,80.0,9.0,0.1125,0.3,"Marzo, 25",Piso
43,43.0,13.0,28.0,34.0,34.0,13.0,0.3023,0.43329999999999996,"Abril, 25",Piso
65,65.0,16.0,34.0,65.0,65.0,12.0,0.18460000000000001,0.3529,"Mayo, 25",Piso
59,59.0,13.0,31.0,59.0,59.0,10.0,0.16949999999999998,0.25,"Junio, 25",Piso
63,63.0,12.0,29.0,63.0,63.0,7.0,0.11109999999999999,0.19440000000000002,"Julio, 25",Piso
71,71.0,22.0,44.0,71.0,71.0,7.0,0.0986,0.2593,"Agosto, 25",Piso
58,58.0,21.0,31.0,58.0,58.0,7.0,0.1207,0.18420000000000003,"Septiembre, 25",Piso
72,72.0,24.0,48.0,72.0,72.0,11.0,0.1528,0.275,"Octubre, 25",Piso
81,81.0,21.0,43.0,81.0,81.0,9.0,0.11109999999999999,0.2143,"Noviembre, 25",Piso
76,76.0,27.0,22.0,76.0,76.0,9.0,0.1184,0.2647,"Diciembre, 25",Piso
97,97.0,27.0,46.0,97.0,97.0,6.0,0.061900000000000004,0.15789999999999998,"Enero, 26",Piso
94,94.0,18.0,28.0,94.0,94.0,7.0,0.0745,0.23329999999999998,"Febrero, 26",Piso
105,105.0,24.0,41.0,105.0,105.0,8.0,0.0762,0.19510000000000002,"Marzo, 26",Piso
79,79.0,18.0,36.0,12.0,10.0,9.0,0.1139,0.2195,"Abril, 26",Piso
115,115.0,24.0,45.0,73.0,59.0,9.0,0.0783,0.2571,"Mayo, 26",Piso
85,84.0,22.0,42.0,28.0,25.0,11.0,0.1294,0.2973,"Junio, 26",Piso
36,36.0,7.0,16.0,11.0,8.0,2.0,0.0556,0.060599999999999994,"Julio,26",Piso
0,,,,,,0.0,0.0,0.0,"Febrero, 24",Plazas
0,,,,,,0.0,0.0,0.0,"Marzo, 24",Plazas
25,,,1.0,1.0,,0.0,0.0,0.0,"Abril, 24",Plazas
28,,,11.0,3.0,2.0,0.0,0.0,0.0,"Mayo, 24",Plazas
68,,,5.0,2.0,2.0,0.0,0.0,0.0,"Junio, 24",Plazas
294,,,6.0,30.0,8.0,2.0,0.0068000000000000005,0.09519999999999999,"Julio, 24",Plazas
248,,,17.0,50.0,18.0,3.0,0.0121,0.1765,"Agosto, 24",Plazas
52,,,8.0,13.0,4.0,0.0,0.0,0.0,"Septiembre, 24",Plazas
59,,,5.0,13.0,6.0,2.0,0.0339,0.087,"Octubre, 24",Plazas
154,,,19.0,20.0,10.0,3.0,0.0195,0.1364,"Noviembre, 24",Plazas
280,,26.0,14.0,40.0,19.0,7.0,0.025,0.2188,"Diciembre, 24",Plazas
172,,22.0,22.0,53.0,35.0,4.0,0.0233,0.15380000000000002,"Enero, 25",Plazas
184,,16.0,28.0,48.0,36.0,1.0,0.0054,0.05,"Febrero, 25",Plazas
275,,27.0,20.0,35.0,28.0,3.0,0.0109,0.1,"Marzo, 25",Plazas
301,,19.0,23.0,52.0,25.0,8.0,0.026600000000000002,0.2667,"Abril, 25",Plazas
275,,23.0,23.0,29.0,27.0,5.0,0.0182,0.1471,"Mayo, 25",Plazas
355,,35.0,44.0,90.0,61.0,13.0,0.0366,0.325,"Junio, 25",Plazas
492,,36.0,37.0,77.0,51.0,14.0,0.0285,0.3889,"Julio, 25",Plazas
397,281.0,25.0,30.0,67.0,44.0,6.0,0.0151,0.22219999999999998,"Agosto, 25",Plazas
312,218.0,44.0,41.0,74.0,52.0,15.0,0.0481,0.3947,"Septiembre, 25",Plazas
324,226.0,38.0,43.0,77.0,48.0,12.0,0.037000000000000005,0.3,"Octubre, 25",Plazas
274,209.0,31.0,33.0,60.0,32.0,11.0,0.0401,0.2619,"Noviembre, 25",Plazas
325,291.0,34.0,18.0,46.0,41.0,9.0,0.0277,0.2647,"Diciembre, 25",Plazas
290,261.0,23.0,15.0,23.0,19.0,6.0,0.0207,0.15789999999999998,"Enero, 26",Plazas
433,387.0,25.0,39.0,105.0,82.0,6.0,0.0139,0.2,"Febrero, 26",Plazas
401,364.0,26.0,35.0,70.0,55.0,7.0,0.0175,0.1707,"Marzo, 26",Plazas
351,351.0,12.0,30.0,41.0,31.0,7.0,0.0199,0.1707,"Abril, 26",Plazas
352,347.0,18.0,31.0,68.0,49.0,7.0,0.0199,0.2,"Mayo, 26",Plazas
403,403.0,16.0,41.0,100.0,59.0,10.0,0.0248,0.2703,"Junio, 26",Plazas
145,145.0,3.0,12.0,26.0,15.0,1.0,0.0069,0.030299999999999997,"Julio,26",Plazas
57,,,,3.0,2.0,,0.0,0.0,"Febrero, 24",Digital
145,,,,6.0,5.0,1.0,0.0069,0.1429,"Marzo, 24",Digital
129,,,,23.0,5.0,,0.0,0.0,"Abril, 24",Digital
463,,,,43.0,23.0,,0.0,0.0,"Mayo, 24",Digital
350,,,,43.0,19.0,1.0,0.0029,0.16670000000000001,"Junio, 24",Digital
192,,,,36.0,14.0,2.0,0.0104,0.09519999999999999,"Julio, 24",Digital
1112,,,,57.0,18.0,,0.0,0.0,"Agosto, 24",Digital
1353,,,8.0,107.0,27.0,6.0,0.0044,0.3529,"Septiembre, 24",Digital
1142,,,7.0,83.0,33.0,1.0,0.0009,0.0435,"Octubre, 24",Digital
846,,,17.0,71.0,18.0,5.0,0.0059,0.2273,"Noviembre, 24",Digital
755,,,28.0,50.0,27.0,10.0,0.0132,0.3125,"Diciembre, 24",Digital
202,,21.0,22.0,74.0,37.0,9.0,0.0446,0.34619999999999995,"Enero, 25",Digital
207,,28.0,24.0,45.0,30.0,4.0,0.019299999999999998,0.2,"Febrero, 25",Digital
491,,13.0,16.0,25.0,19.0,12.0,0.024399999999999998,0.4,"Marzo, 25",Digital
749,,6.0,17.0,47.0,33.0,5.0,0.0067,0.16670000000000001,"Abril, 25",Digital
361,,15.0,26.0,37.0,32.0,9.0,0.024900000000000002,0.2647,"Mayo, 25",Digital
576,,19.0,21.0,69.0,34.0,12.0,0.0208,0.3,"Junio, 25",Digital
699,,29.0,33.0,89.0,45.0,9.0,0.0129,0.25,"Julio, 25",Digital
827,239.0,29.0,31.0,135.0,51.0,9.0,0.0109,0.3333,"Agosto, 25",Digital
676,344.0,36.0,31.0,125.0,73.0,15.0,0.0222,0.3947,"Septiembre, 25",Digital
688,329.0,50.0,32.0,110.0,60.0,10.0,0.014499999999999999,0.25,"Octubre, 25",Digital
554,342.0,42.0,22.0,97.0,55.0,14.0,0.0253,0.3333,"Noviembre, 25",Digital
908,594.0,39.0,23.0,90.0,51.0,8.0,0.0088,0.2353,"Diciembre, 25",Digital
922,674.0,23.0,22.0,110.0,56.0,6.0,0.006500000000000001,0.15789999999999998,"Enero, 26",Digital
635,457.0,21.0,22.0,85.0,43.0,13.0,0.020499999999999997,0.43329999999999996,"Febrero, 26",Digital
980,618.0,16.0,25.0,78.0,36.0,11.0,0.011200000000000002,0.2683,"Marzo, 26",Digital
834,179.0,32.0,35.0,83.0,59.0,8.0,0.0096,0.19510000000000002,"Abril, 26",Digital
667,170.0,30.0,35.0,140.0,103.0,9.0,0.013500000000000002,0.2571,"Mayo, 26",Digital
748,200.0,28.0,28.0,101.0,53.0,7.0,0.009399999999999999,0.1892,"Junio, 26",Digital
298,64.0,3.0,12.0,26.0,15.0,1.0,0.0034000000000000002,0.030299999999999997,"Julio,26",Digital
